"Name"	"Area_m2"	"d_m"
"100001"	786279158.76927	31640.5075519678
"100002"	301964142.995061	19607.9751109944
"100071"	190338.789411952	492.287389211135
"100072"	31541758.8052011	6337.20874054821
"100074"	48031787.8923244	7820.22836935335
"100075"	19341053.7557898	4962.43836019352
"100076"	10957000.733882	3735.08857004365
"100079"	50171372.9415655	7992.50749407574
"100080"	50171372.9415655	7992.50749407574
"100081"	214032552.837125	16508.019570283
"100083"	668924.189114789	922.876335166772
"100088"	2128127766.9849	52053.9761130129
"100104"	30715598.3920965	6253.664086999
"100112"	2395224928.80987	55224.0445629999
"100115"	263196.287648308	578.888522481935
"100123"	166236.531057824	460.064044587725
"100126"	700685.312746663	944.531761564521
"100136"	294308322.615616	19357.8148224141
"100137"	1582173.62773199	1419.32590671257
"100143"	24218701.6289058	5553.03598368179
"100149"	32121474.0307403	6395.18029230781
"100151"	322005627.610876	20248.2171734065
"100153"	47444193.8527263	7772.24702266803
"100154"	4770889.49832141	2464.64706861338
"100157"	17583160.3711877	4731.55102540556
"100158"	655983.805861423	913.906189019769
"100159"	4268054413.05001	73717.4040357953
"100181"	1714427.12166186	1477.45605953827
"100183"	248427.830519581	562.412782420791
"100188"	7400671.17447987	3069.6623913599
"100191"	22207293.9279387	5317.4434468651
"100192"	987173616.409384	35452.9051832378
"100194"	27455321.3417309	5912.46148788329
"100199"	454704811.558692	24061.3413436965
"1002"	30326.2097035941	196.500711033185
"100202"	426385237604.139	736811.065205245
"100203"	426385237604.139	736811.065205245
"100204"	264523964.501541	18352.1762233661
"100207"	426385237604.139	736811.065205245
"100208"	53630.3084393696	261.312513097535
"100210"	857249060.719305	33037.6059028933
"100217"	677018817.589015	29359.9579544007
"100220"	270543710.952459	18559.8208871764
"100221"	69459.8630420557	297.387027956893
"100222"	3570732.34132566	2132.22832282113
"100223"	2355668597.90589	54766.1429456613
"100226"	37171160.6870792	6879.51972963915
"100227"	220390411.821041	16751.4115110046
"100228"	104538915.234629	11537.0308502858
"100229"	237032527.734981	17372.368511539
"100230"	241787078.706502	17545.7365195968
"100237"	1985087.77116547	1589.80887216611
"100238"	3491238.41521166	2108.36021835596
"100242"	249086.317289823	563.157659297867
"100248"	45066668093.1584	239542.614091238
"100250"	1871926.30535788	1543.8298471048
"100252"	4380822654.02041	74684.9157566
"100254"	23132.3593848769	171.618864731855
"100255"	294308322.615616	19357.8148224141
"100256"	294308322.615616	19357.8148224141
"100259"	70959362.29942	9505.17049551511
"100262"	131392.245655719	409.015651339186
"100273"	24664721.4432972	5603.93600083757
"100275"	17945389.2451282	4780.03966851347
"100279"	820768.054823576	1022.26921329791
"100283"	16556646.0550373	4591.3588931227
"100284"	135906186.455269	13154.509909875
"100285"	11733961.7385944	3865.24825877818
"100286"	11733961.7385944	3865.24825877818
"100287"	11733961.7385944	3865.24825877818
"100296"	454704811.573534	24061.3413440892
"100297"	58555362.5458854	8634.52390984735
"100299"	47112.5178250156	244.919416843275
"100300"	1773844.85551453	1502.84044937117
"100302"	71148.641573575	300.980504361435
"100303"	371832.934483942	688.064238439896
"100304"	242716333.869556	17579.4207650838
"100305"	543371.519656435	831.770464917704
"100306"	458798.426951174	764.303801021899
"100308"	3638117.3194569	2152.25343292058
"100310"	119407524.646371	12330.2223142447
"100313"	374971.387304632	690.961937056205
"100314"	2997.34445021487	61.7765123910863
"100315"	174212.428165481	470.971498845339
"100316"	1890830.73889663	1551.60577118158
"100317"	411552.630700345	723.88195456681
"100320"	464597174.636272	24321.6671944818
"100321"	27530225.8200826	5920.52127684871
"100322"	3498433.75822391	2110.531735276
"100324"	29964782.4089304	6176.75852793638
"100325"	5828883.7858088	2724.25500600758
"100326"	82425917.3718743	10244.4100615381
"100327"	35193604.6620263	6694.01891074919
"100328"	105078.58190063	365.773435039472
"100329"	19967.5235335468	159.44729716537
"100330"	527422.45830333	819.47247097949
"101000"	1856741.24644075	1537.5553256092
"101001"	38240.866499126	220.657615893097
"1013"	112086.446575425	377.773604436143
"1024"	166318.48905569	460.177441088008
"1030"	57312.4896913468	270.134278243708
"10981"	114688.654070381	382.133654229591
"1133"	1760851.72004994	1497.32629789986
"1138"	971812.659042925	1112.36248928471
"1142"	334905.66968831	653.004703201415
"1147"	256527.220558637	571.507306616683
"1153"	35284.1172960212	211.955498731144
"1157"	49399.9861353923	250.79476840028
"1158"	14136166.2130098	4242.49052248243
"1160"	36786.8597201286	216.422005633191
"1161"	599845.355581384	873.926099536994
"1171"	78517.9152659074	316.183672391093
"12023"	1148.9055981111	38.246987341262
"13029"	181014.307536869	480.077675505531
"13032"	52342.9016429549	258.157030231588
"13051"	844463.434284785	1036.92055559443
"13053"	329897.334272164	648.103642713134
"13055"	692564.278856835	939.042186012701
"13060"	11172.3412753761	119.268884119395
"13071"	47078.4706536189	244.830901934052
"13073"	203093.56914219	508.51427070756
"13097"	95346.3565221316	348.423236266463
"14110"	31975.5471113194	201.773464674308
"14264"	65176.6438538846	288.072005491484
"14266"	10532406.1817376	3662.00437626737
"14270"	204656.000432833	510.466563859397
"14289"	104795.743802608	365.280830498145
"1432"	1419438.11226627	1344.35290598921
"14370"	86382.8604019684	331.641483911653
"1438"	733202.870610937	966.200232444178
"1439"	166236.531645469	460.064045400887
"14410"	24746.9019503903	177.506997532268
"14446"	20797.3210177575	162.726677420639
"1445"	96674.5850507905	350.841708833954
"1448"	58457.805806476	272.820069003829
"14498"	152603.548048394	440.795725979855
"1450"	37107.3452811952	217.362690938807
"1451"	58280043.9327407	8614.20086856976
"14521"	15639.0661286833	141.110869311219
"14523"	114926.375291341	382.529483509453
"14525"	43526.8560942104	235.414771068311
"14527"	23833.161942962	174.199093745795
"14529"	4524.2567794019	75.8977117051011
"14535"	435475.21968591	744.623576350046
"14537"	483066.526921907	784.257231279919
"14539"	420292.757909369	731.528099074814
"14612"	54357775.0246108	8319.28294537167
"14622"	41322.5636425114	229.376376550597
"14626"	167504.505200605	461.815287688386
"14629"	10641.1943947489	116.399267637766
"14631"	690970.575157132	937.961118884179
"14633"	500305.719290918	798.128452229569
"14635"	180865.077435098	479.879744156757
"14637"	302232.804675422	620.334392589163
"14639"	684037.531518892	933.243609789469
"14641"	755995.384614358	981.103062541479
"14645"	140805.664506779	423.413911170551
"14648"	25210.0326588802	179.160292769774
"14650"	3413840.17467962	2084.85882251237
"14768"	104834.117222872	365.347702450094
"14792"	35808.292971797	213.524084452209
"14799"	12816.6572467193	127.74456872149
"14803"	10305.8923929761	114.55072997813
"14884"	24773.2657086274	177.601524634379
"14911"	30079.1848544033	195.698767574109
"14923"	646023.776817646	906.941574459673
"14930"	1472691.96396351	1369.33912736474
"14933"	149307.433028135	436.009321063573
"14935"	29268.5446828093	193.043695848896
"14938"	8683.84781806358	105.150456215942
"14944"	1830.30285225751	48.2743614182086
"14946"	527019.621050027	819.159460894053
"14948"	17301.5775060006	148.421873950373
"14951"	1915.84321198725	49.389546859782
"14955"	16384754.8890796	4567.46295612444
"14957"	206563.081771921	512.83943315074
"14959"	9380.40002273993	109.286304056762
"14997"	30083.3085717533	195.712181813056
"14999"	18462.429656006	153.320238487677
"15003"	21380.1660794701	164.991129838506
"15007"	34291.4675081577	208.952751784673
"15009"	25784.539141151	181.190217388481
"15013"	9361.21887885999	109.17451196816
"15020"	23652.658739131	173.538181518614
"15022"	52020.587064628	257.360969439857
"15032"	670207.039812948	923.760849056583
"15035"	64901.9807548816	287.464377669227
"15059"	11292.8422038753	119.910355125937
"15061"	1187359.67060504	1229.55003413365
"15074"	18565.8861313903	153.749212698915
"15101"	5340671.43889765	2607.67215566722
"15103"	344012.42956405	661.823412400444
"15115"	40226.584703704	226.314114439189
"15130"	1092491.92399227	1179.40829229354
"15132"	310572.89118849	628.835182368095
"15140"	97350.6810134867	352.066381202849
"15157"	8395.07503887467	103.387337331582
"15187"	128709.667253556	404.818771967077
"15189"	97968.170352422	353.181183839194
"15197"	14762.4458454937	137.098978214624
"15214"	1166442.71399796	1218.67181395584
"1522"	609715.565829799	881.086811531688
"1523"	8281.47837332686	102.685470022729
"1524"	46175.8621469609	242.472542152199
"15242"	87696.5229410745	334.153678633575
"15247"	7536003.68483436	3097.60195971029
"15250"	38381.5866400829	221.063235070494
"15276"	2968.09775069333	61.4743802638321
"15284"	264074.679591535	579.853709843448
"15286"	14516594.1702154	4299.19780335706
"15288"	13304.5051728539	130.15307183932
"15294"	1194168.23530368	1233.07024141176
"15302"	151922.898000576	439.811597715544
"15309"	36881.7248574882	216.700878093735
"15342"	49236.2913179578	250.378899155109
"15344"	63881.3931068816	285.195224147344
"15350"	92683.5454355598	343.523441987316
"15359"	4908.26144562721	79.0530996765562
"15366"	44629.6391851212	238.378315871554
"15392"	61703.2069676022	280.290854556708
"15394"	67033676.6217194	9238.50247084246
"15403"	186375.904189582	487.135680688603
"15406"	100042.491056269	356.90062449743
"1541"	3024041.32955918	1962.2255236614
"15413"	103054.771676765	362.233916927322
"15420"	99246.218713653	355.477439975673
"15462"	58628.1607397805	273.217299395514
"15487"	439709.444334216	748.234891407671
"15489"	68912.3743172068	296.2126940262
"15492"	631699.327111381	896.830286989018
"15511"	1328353.60836751	1300.5046495746
"15588"	6161.88953814601	88.575173893464
"15627"	62489.7053304252	282.071558235752
"1564"	58429.3349202948	272.753624711193
"15646"	13675.2230281298	131.953911433075
"15660"	13282.2298919122	130.044070763131
"1568"	206703.966370529	513.014292234208
"15680"	38002.5324144687	219.968922964544
"15682"	20155.8757673824	160.197559550077
"1569"	75309.6240298216	309.656570112611
"15702"	103577.793665863	363.151955594067
"1571"	82741.5102710153	324.576282048099
"15713"	18462.5922071932	153.320913434918
"15715"	122024.123151299	394.164862726078
"15719"	214235.441978687	522.276781612087
"1572"	5181.89449275648	81.2267996711855
"15724"	818376.651780788	1020.77887690491
"15730"	1065685.04372773	1164.84863390355
"15738"	338425.394253865	656.427143639421
"1574"	33623.9494360641	206.909018827533
"15740"	22495.8829579466	169.241389074279
"15746"	1032759.20539475	1146.71263204774
"15750"	2164306.94911519	1660.02445601219
"15762"	25191.2320569861	179.09347513395
"15764"	62136.0836906974	281.272321620826
"15766"	23398.6452821721	172.603825179201
"15768"	66616.7346713003	291.237121474289
"1577"	216021.375719198	524.449194940535
"15776"	50527.782245685	253.641421031687
"15778"	186068748.31017	15391.8838479207
"1578"	361970.208234803	678.877590689641
"15783"	400374.114934505	713.983302201776
"15793"	49861.323831218	251.963110900688
"1580"	444675.214619268	752.448049912316
"1581"	476205.954996518	778.668256281159
"15811"	40218.6058009915	226.291668737356
"15814"	137667.397752342	418.668812833088
"15829"	173465.90852563	469.961332875636
"15864"	1519863.50167064	1391.09680214093
"1587"	349509.337008536	667.090030755547
"15872"	3826.33600799486	69.7985839170333
"15878"	68533.7868984651	295.397914057595
"15882"	100823.022324718	358.290188316045
"15886"	890820.950646801	1065.00162518283
"15892"	236662.127097603	548.933127950761
"15902"	12482.0776187256	126.066152573223
"15904"	26894.6962698658	185.049698282473
"15909"	1228415.93155958	1250.62693935655
"1591"	81807.0893034593	322.738316815412
"15919"	2191517.20437748	1670.42700157201
"1592"	30206.5882096649	196.112780358844
"15922"	24510.4042527447	176.656774430078
"15925"	38251.0190487814	220.686905092546
"15931"	63055.0224215317	283.344574751761
"15933"	9158.72359740655	107.98726343193
"15935"	29428.552755301	193.570651474789
"15942"	21011.1776501822	163.561188139692
"15944"	52012.5526197953	257.341094305091
"1595"	25906.7096371921	181.618961521215
"15955"	163115.964906147	455.725462198613
"15967"	612846.232036938	883.345944390628
"15970"	2513162.04737003	1788.81449598305
"15976"	322787.150729655	641.081402663801
"1598"	12903.1726798032	128.1749964247
"1604"	323030.251547742	641.322766176543
"16054"	58471.2092574915	272.851343876337
"1606"	18452.6495006898	153.279623725451
"16061"	29734.0492212086	194.572781481749
"16073"	10730.1103315914	116.884561827272
"16075"	4961097.15636764	2513.2976514453
"16081"	118788.873596063	388.904475851145
"16086"	30602.6937789477	197.394427213073
"16103"	135732.142264209	415.715685321603
"16109"	714468.855901895	953.776703854724
"16111"	418.905878634928	23.0947511395992
"16124"	22497.8393494782	169.248748092429
"16131"	48692.6175663345	248.99270315036
"1617"	33855.2205496322	207.619376743892
"16175"	203708.176170519	509.283129002112
"16189"	95638401.6356016	11034.9714525101
"16197"	18007.3016965009	151.418653454459
"16205"	52476.3745847014	258.485967289478
"16212"	37870.6235919953	219.586829161288
"16222"	39979.9096123073	225.619152363728
"16224"	47253.8347467843	245.286467298924
"16231"	422226.557258677	733.209076279838
"16236"	14819.986608283	137.365909170039
"16238"	1903496.00648602	1556.7936243136
"16241"	37939.6341993531	219.786811650296
"16251"	9616153.17461673	3499.09509590017
"1626"	3822.30820740019	69.761837431562
"16269"	34389.404396463	209.250924962032
"16271"	268485.263765219	584.67602567963
"16275"	139457.483265685	421.381991194583
"16278"	32630.0308618793	203.827980511198
"1630"	139403962.414381	13322.7113471232
"1632"	121303.822320519	392.999775452879
"1633"	172321.505493507	468.408534510881
"1635"	55794.883887541	266.533773768962
"1639"	687508.949192544	935.608668980394
"1642"	31772.5033206048	201.131816635318
"1648"	371289.349463144	687.56111166606
"1651"	2453.72563520218	55.8943692215041
"1656"	485254.941473226	786.031666513416
"1658"	51874.6398908539	256.99969431486
"1659"	3326596.238069	2058.04613157156
"1663"	50958.6797459418	254.720643450875
"1666"	708589.828141854	949.844508426143
"1667"	9912.03235117068	112.340516102628
"1684"	193764.059950577	496.69715469037
"1687"	357282.228753749	674.467095031616
"1697"	116166.472729368	384.587762222657
"1698"	25728.3297382023	180.992615436832
"1701"	71950.2702991984	302.671322393324
"1703"	81784.4698436079	322.693695553666
"1705"	142080.445976482	425.326277522169
"1707"	63723.9663300203	284.843595467326
"1709"	218399.388761026	527.327922944089
"1716"	19380.0306207335	157.084121936293
"1718"	27594.156861095	187.440581836408
"1725"	504567.293698856	801.520449718773
"17285"	4253.02289301412	73.5874780927403
"17292"	100611.243404825	357.913695949175
"17296"	77235.3368853909	313.590633108551
"17304"	21883.1863917959	166.920754488005
"1732"	1622222.49216426	1437.17703411318
"17320"	10733112.4125341	3696.73141595737
"17322"	3195539.39390652	2017.09868947477
"17326"	3358717.5467269	2067.95841352977
"17328"	746654.62569075	975.023177000882
"1733"	28479.7111434798	190.424511159969
"17336"	23607.4483100505	173.37224904421
"17338"	6063788.71821015	2778.60677083752
"17344"	13857.2017215872	132.82897730276
"1735"	41196439.7253547	7242.43993144715
"17352"	19649.3744075045	158.171933429865
"17354"	2519733.19154384	1791.15156858803
"17357"	354734.973726334	672.058476956401
"17359"	538935.997510491	828.368652298992
"17366"	79852.3030025378	318.859075331102
"17377"	677349.571245437	928.670156578264
"17381"	11862.6458135631	122.898290285161
"17383"	512688.823053351	807.945346948205
"17385"	7921.66980897068	100.429991840665
"17387"	36316.1842111748	215.033025025354
"17391"	176700.778078014	474.323115855003
"17396"	226764.520905692	537.331885672208
"17400"	680044.917909322	930.516029780426
"17402"	585624.208583595	863.50443005399
"17404"	41643.0417445822	230.264125543384
"17406"	40932.8312946188	228.292136269039
"1754"	84267.987670592	327.556612293895
"1755"	3312182.74732168	2053.58273592264
"1766"	7069.29383423763	94.8730966244057
"17672"	575101.992174812	855.711749769128
"1768"	446666.611848083	754.131018801011
"17711"	10962.7894853013	118.145068002403
"17713"	108925.139342828	372.408102526082
"1776"	1742934.56684611	1489.68896565502
"1778"	204851.344565148	510.710125895811
"17832"	893527.869224218	1066.61849666093
"1786"	672737.326983095	925.50298105101
"1793"	697926.792699921	942.670669850145
"1794"	9255.97087446348	108.559053709416
"17947"	20021.9996273976	159.664653853867
"17995"	100987.458170341	358.582243376281
"18051"	100987.458170341	358.582243376281
"1806"	384893.406684463	700.043931406088
"1807"	64935.1190379475	287.537756479388
"18100"	417771286.064223	23063.4542528181
"18106"	38810.771705575	222.295769859048
"18110"	245604.530915278	559.20783357126
"18123"	347570761.47103	21036.6546318237
"18127"	54034.4094570057	262.295152256139
"18159"	12720.6271914967	127.265099591549
"1817"	80344.2490872732	319.839764772875
"1820"	81078.4212948049	321.297762546276
"1824"	20160419.8925558	5066.46265610114
"1829"	32723.5905584574	204.119988106874
"1831"	38619.0425374722	221.746008168172
"1840"	113141.089622717	379.546715757189
"1841"	25919.9782371706	181.665465320849
"1859"	300235.275870198	618.281025070644
"1862"	251529.894524813	565.913251649099
"1888"	53609.7750928424	261.262484165954
"1890"	1259977.26046873	1266.59104429799
"1904"	118710.805917897	388.776661442076
"1906"	53342.5918891453	260.610624134798
"19323"	9336.65165464022	109.031161151778
"19358"	2520.39107828714	56.6485797621872
"1959"	1021498.3273524	1140.4438018885
"1966"	629758.057413191	895.451205992863
"1970"	47504.7270227577	245.936774410059
"19814"	894007.858314166	1066.90494352102
"19817"	48612169.2806703	7867.33349258243
"19820"	48240.2627073882	247.833432223055
"19834"	3709342.91122983	2173.21928934033
"19842"	103906.87252554	363.728386394674
"19846"	117287.327903029	386.4386936921
"1987"	184006.269691686	484.028985754632
"19901"	590527.464657214	867.11182684459
"19906"	20954.097501086	163.338867274813
"19909"	7971.05792832725	100.742573759662
"19931"	67307.9864715282	292.744239998072
"19933"	49438.941363	250.893633225745
"19937"	15061.2189457179	138.47938313555
"19967"	138466.016890021	419.881421720872
"19993"	43867.273913597	236.333552138754
"19995"	54094.0271083478	262.439811096419
"19997"	195482.329755455	498.894610656002
"20"	43966.0933077878	236.599595576559
"2000024"	353977424.153875	21229.6503592547
"200003"	23968.836999089	174.694221737731
"200004"	808533452.575828	32085.1486682047
"200005"	808533452.575828	32085.1486682047
"200006"	115357.368668497	383.246087475558
"200008"	1518340.07121555	1390.39944657197
"200009"	452836461.182779	24011.8572725194
"20001"	248501.689369004	562.496380288895
"200011"	476337598.041893	24627.0555785928
"200015"	57455.1346684076	270.470237748816
"200016"	125056615.684517	12618.5192641718
"200017"	3623305.11612754	2147.86763011477
"200019"	10565.5724962089	115.984933137625
"200022"	273789048.882935	18670.8072657071
"200023"	57540.657964975	270.671463496037
"200037"	379390.844633487	695.0218890782
"200039"	73565.8707861311	306.050609912445
"200042"	41760.3819406463	230.588312128076
"200045"	3623305.11612754	2147.86763011477
"200050"	273789048.882935	18670.8072657071
"200069"	666834696.998068	29138.2962099611
"200070"	41760.3819406463	230.588312128076
"200075"	122440.137583195	394.836200257446
"200080"	416977.787886333	728.63750165159
"200082"	16729.0275429757	145.945398737611
"200084"	152742.897522762	440.996935707507
"200090"	492221.22322859	791.653665546086
"200096"	23437376.8202647	5462.72779776004
"200098"	98583.2025509488	354.288063494248
"2001"	12572.158358117	126.520232311782
"200118"	492221.22322859	791.653665546086
"200123"	126652.75266822	401.571031259402
"200127"	4310246.5322006	2342.64302281748
"200133"	22217027.9608393	5318.6087058767
"200135"	16308232.898602	4556.784725138
"200177"	2395224928.96782	55224.0445648207
"20018"	59084.227428999	274.277915320807
"200182"	48031787.8985773	7820.22836986239
"200183"	214032552.901854	16508.0195727792
"200184"	784659.340595111	999.529540129511
"200185"	50171372.9415655	7992.50749407574
"200186"	50171372.9415655	7992.50749407574
"200187"	50171372.9415655	7992.50749407574
"200188"	36756661.4905115	6841.05510445307
"200191"	7540308.64874869	3098.48659043337
"200200"	7574502.31811711	3105.50412704843
"200201"	922835.16166195	1083.96965875437
"200203"	627665824.627414	28269.5763815878
"200204"	37370679.5162263	6897.95817424864
"200208"	4268054413.01978	73717.4040355343
"200211"	640598857.636032	28559.3381900626
"200212"	617976011.267896	28050.5168445073
"200214"	3498433.76681665	2110.53173786791
"200215"	17287149.7319354	4691.5543964083
"200227"	687391.050449104	935.528443249505
"200228"	30556462.4189666	6237.44308984396
"200233"	1023773.01475122	1141.71287424378
"200239"	27070994.0182634	5870.93349471292
"200240"	8851474.83419328	3357.08918382026
"200242"	79375715.3201075	10053.0741386504
"200243"	91313103.9053603	10782.5532618585
"200252"	1937676910.77907	49670.180870661
"200254"	851920.441453628	1041.48873975046
"200255"	8503001.55100544	3290.34311640664
"200256"	272228962.497555	18617.5369013764
"200257"	272228962.497555	18617.5369013764
"200258"	987173616.34886	35452.905182151
"200259"	7532754.86795279	3096.9341902394
"200260"	45893399.6828954	7644.16714355453
"200262"	426385237604.139	736811.065205245
"200263"	522809.211571541	815.880728124337
"200264"	27473989.0798513	5914.47118076406
"200265"	27473989.0798513	5914.47118076406
"200267"	353977424.153875	21229.6503592547
"200272"	20658.2025017555	162.181504335057
"200273"	30338343.9142903	6215.14112417809
"200275"	14184.0314987893	134.386270906025
"200282"	107274.295749721	369.575263623203
"200283"	38240.866499126	220.657615893097
"200285"	1665136.89369598	1456.06254688842
"200286"	11804581.1676868	3876.86207540775
"200287"	617814377.017048	28046.8482386885
"200288"	4429917.3995306	2374.94126516693
"200289"	4429917.3995306	2374.94126516693
"20029"	14509.6203838432	135.919911903314
"20034"	2578.85501403492	57.3018340370342
"20042"	132773.327285857	411.159641485418
"2006"	20483.4110876429	161.493928702765
"20060"	64591.4297893676	286.775805567359
"2011"	39638.5385333407	224.653855422421
"20128"	47770.8403605288	246.62466022735
"20131"	47626.7304318932	246.252383891665
"20183"	183742.985055376	483.68257632479
"20188"	32986.1220282988	204.937148886896
"20194"	34244.3455975174	208.809135332573
"202"	30284.4551308047	196.36538865925
"2023"	110829.219970541	375.648965895881
"2026"	64170.9078312442	285.840755443123
"20279"	30400.7304270231	196.741993912127
"20281"	21443.2588053525	165.234394358333
"20287"	95395.0519326535	348.512198484815
"20289"	20907.8422288273	163.158485898916
"20295"	91536.3563830163	341.390844528419
"20298"	1560.33532857298	44.5721958555606
"203"	265.329961256757	18.3801142291105
"20304"	42089.1960231131	231.494338554397
"20306"	850819.495318798	1040.81555852683
"20311"	799733.481816429	1009.08487962976
"20316"	98792.5943168421	354.664119712132
"2048"	39751.1085960079	224.972628138401
"2049"	28078.279957695	189.077699346808
"20495"	7628.74654553886	98.5556785707543
"205"	132904.989895752	411.363451011266
"20515"	185032.342921385	485.376653808673
"2053"	50455.3121474361	253.459461587198
"206"	479644.319003946	781.474320987831
"2065"	1182113.12782823	1226.83054278147
"208"	31838.0360961675	201.339133266104
"209"	53127.0949535002	260.083675365634
"212"	22475089.8359789	5349.40867298841
"21415"	12857.3127851337	127.947016679019
"21533"	1519012.61364957	1390.70734831242
"21535"	79455.3872792549	318.065623930337
"21537"	366693.030619413	683.292080565418
"21541"	60212.5990829595	276.884564834713
"21543"	449163.65661607	756.23602774625
"21545"	182208.510196324	481.658676418519
"21549"	1785618.55111823	1507.81966796313
"21551"	74581.7893300442	308.156589240145
"21553"	772286.754014677	991.61788763951
"21577"	471305.251842998	774.651201695234
"21580"	2512014.84921111	1788.40617393743
"21600"	19012.9112250263	155.589171963355
"21603"	12121.8418069148	124.233684416055
"21606"	4395.6045326155	74.8108114776413
"21651"	2869.93703861196	60.4492955166632
"21665"	3755274.95671676	2186.633159962
"21706"	40785045.5073611	7206.18711759522
"21708"	20826519.258561	5149.48035234511
"21772"	362117.956306354	679.016127811358
"21788"	37611.1944258337	218.833407110738
"21790"	8838.94341099339	106.085306638352
"21807"	102675454.93666	11433.7417103514
"21816"	431618.413269599	741.318846388447
"21818"	57405.7976451392	270.354085707718
"21828"	112509.590694755	378.486010355111
"21830"	594231.860441452	869.827283692345
"219"	5557.03145173517	84.1155883037518
"21917"	116048.666037096	384.39270377076
"21919"	116048.666037096	384.39270377076
"22087"	2648.25657427355	58.0677620971393
"221"	2442730.92759823	1763.57070007575
"22367"	69375.7971524138	297.207012672949
"22373"	204575.801258257	510.366535009785
"22376"	8432.70278879204	103.61877561373
"22400"	98293.4889465663	353.767094451642
"225"	8966.37187380455	106.847270636779
"22636"	2826158.40502725	1896.93875519647
"22638"	432621.350788341	742.17963574896
"22644"	607195.898847909	879.264368557131
"22646"	269531.018319702	585.813580465136
"2265"	77213.0987510135	313.545484262382
"22652"	1239630.23228522	1256.32250341812
"2266"	54284.2586420382	262.900864889552
"22660"	5613.07875054704	84.538712037203
"22664"	6497634.48765574	2876.29017606331
"2267"	10740.0644197959	116.938764882682
"22674"	6497634.48765574	2876.29017606331
"22678"	27635.6552179924	187.581473147575
"2270"	956467.130463357	1103.54509366193
"22709"	25033.5454138929	178.532069852707
"22711"	530829.629617242	822.115123292226
"22723"	14446.1902572481	135.622493364103
"22732"	15745.0443645979	141.588181422799
"22757"	75871.2739048815	310.809115447292
"22786"	194487.085253365	497.622997745143
"22788"	187684.932893058	488.843408987384
"22793"	15076.218293777	138.548321233772
"22801"	10080691.5994618	3582.61569006701
"22810"	5523.17411189269	83.8589511723065
"22817"	3460120.90687004	2098.94325035048
"22828"	26059.5426429722	182.153891560802
"22835"	98672.2538867065	354.44804360682
"22842"	10697.6484789902	116.707622198065
"22849"	36219.2548732761	214.745867446843
"22874"	643.050445480335	28.6139346550789
"22876"	9706.9874040772	111.172479612165
"2289"	27078.9170079145	185.682384633218
"22894"	4763.84807023095	77.8814467516387
"22908"	647290.723830551	907.830461331467
"2292"	66192.415017055	290.308112806439
"22923"	16072258.3806107	4523.69704372372
"22942"	175362.897562313	472.524047912567
"22944"	175362.897562313	472.524047912567
"22960"	57205.1894992826	269.881287670256
"22969"	36968.9187872635	216.956883564561
"2297"	7979.47926939553	100.795776460072
"22982"	2117959.28113509	1642.15392423489
"22988"	75720.8946770853	310.500945997901
"22992"	41337.69330155	229.418364129089
"23000"	49168.9545218997	250.207628322095
"2302"	157689.615267064	448.081079663156
"2311"	37402.0286366676	218.224063552859
"2314"	231421.687022479	542.821557628605
"2318"	82157.308657991	323.428406718344
"2319"	1019308.60670718	1139.22079789147
"232"	161930.564256234	454.066512652404
"2332"	27466.9452844265	187.008023649278
"234"	13669.5450154195	131.926514666952
"2340"	327040078.249138	20405.8903344129
"2342"	4042883.60928785	2268.82332633172
"2343"	2491305.23112332	1781.01890452398
"2347"	67337.9305408086	292.809350986588
"2352"	332970.454358769	651.115312151403
"2355"	50284.0111623674	253.028835273434
"236"	86643.8406699469	332.142084428802
"2367"	15653.5623520337	141.176253678113
"2378"	11725.3170335543	122.184848985781
"2381"	16904.0209425877	146.706741253202
"2382"	272762.372925536	589.314720268035
"2384"	13110.9203731646	129.202717800312
"2385"	175144.035358001	472.229088305983
"239"	107929.849324983	370.702781508146
"2391"	14642.6578553806	136.541609121533
"2393"	112728.09726293	378.853363767452
"24"	430322.323559477	740.204971165586
"24030"	4406.36377355913	74.9023137492023
"24057"	6246.11560323604	89.1784805153544
"24084"	492670.0249076	792.014493691886
"24089"	862897.057523379	1048.17682509889
"24155"	106567.429533943	368.355623634816
"24157"	9487999.12776549	3475.70074803395
"24161"	1032577.47945428	1146.61173892654
"24188"	10993.6952349894	118.311485139673
"24317"	5287.87967364755	82.053260192934
"24321"	5832.15366091864	86.172667778441
"24354"	74587.580452127	308.168552869633
"24390"	8617531.72520904	3312.42844006417
"24488"	4211392.24310095	2315.62327296714
"2476"	584808.02377676	862.902486930587
"24937"	552843.25459378	838.988613622909
"24944"	40593.7967618456	227.344732307841
"24950"	2756.96175955807	59.2475546802733
"24996"	1501.04592597179	43.717170898983
"25"	863081.829593365	1048.289042097
"25127"	1414.10418232411	42.4322208387735
"25163"	378663.284436125	694.355145356735
"25273"	6525.90332544906	91.1539257469498
"25285"	20894.3288089127	163.105750052556
"25289"	2841.61426868132	60.1502756250439
"253"	78729.315116733	316.609029145633
"25400"	25603896.4280875	5709.63163711499
"25477"	2686.8619943972	58.4894771947271
"25511"	166156.217329353	459.952895965818
"2579"	271868.746900994	588.348569754309
"258"	24024.4960762022	174.896936641427
"2580"	188532.872266519	489.946434268314
"2586"	51112.8557163919	255.105682301381
"2588"	28368.1273540487	190.051102488931
"2590"	396335.953978636	710.373570458484
"2591"	242257.129832358	555.383973208264
"2593"	19529.2641724217	157.68776561264
"2598"	27539.8585539384	187.256073245402
"260"	32288.8986698769	202.759716517936
"2603"	4699.67067420197	77.3550680280621
"2610"	53167.2138610763	260.181857882739
"2611"	1511765.45601907	1387.38587313266
"2615"	1782.97405087157	47.6461233344994
"2617"	41684.9732632793	230.380026000596
"2619"	63689.1758183575	284.765828749735
"2620"	1345360.35104411	1308.80327049872
"2625"	1467480.7027367	1366.9142115949
"2631"	40289.7701599256	226.491784875099
"26315"	110239.115011694	374.647568535413
"2637"	16833098.1162824	4629.53196144683
"2642"	9149988.36835847	3413.22824089758
"26431"	2256027.77379965	1694.83443900062
"26435"	23806.4312970105	174.101377784251
"26439"	24136.6466927881	175.304686322297
"26442"	9769.8181166081	111.531694019841
"26448"	28299.2051077687	189.820091212133
"2647"	16797.6706821112	146.244516382333
"2651"	41889.2281454179	230.943763226417
"26520"	172928.299197899	469.232510534552
"2654"	21513.2238001886	165.503737955183
"26565"	1975322.77729171	1585.8937775475
"2661"	457.659245580658	24.1393837843255
"2663"	291027.859243606	608.726686624283
"2669"	126671.959071069	401.601478456391
"267"	48872.8166315504	249.4530071935
"2671"	98718.2708687862	354.53068450843
"268"	69677.8335307229	297.853274352977
"269"	114909.808372127	382.501911233567
"27"	7196.78403233844	95.7247618168459
"272"	15393.5307810931	139.998757578722
"275"	30466.6191507242	196.955081927549
"278"	9158.16765023059	107.98398589415
"279"	27375.5313301538	186.69656945881
"285"	145019.100595357	429.702284867017
"2880"	4127.16263346133	72.4904591824074
"2882"	741555.367096318	971.688025035624
"2888"	53523.089583525	261.0511716391
"2890"	278490.425283255	595.470421012458
"2892"	325932.664131977	644.197451790767
"2903"	22833.950996942	170.508326400359
"2949"	23205603.8715143	5435.65014590448
"2953"	37199.4597907597	217.63231205035
"2954"	11127642.3953753	3764.06088386777
"2956"	7505.13566543747	97.7539539754645
"2959"	574643.237751643	855.370384348232
"2961"	154543.696056602	443.588937202898
"2962"	82440.139456295	323.984637952537
"298"	3917.50370236765	70.6252124280055
"299"	336340.316381171	654.401857657237
"30184"	45893399.6723279	7644.16714267445
"302"	1645154.70607376	1447.29956435434
"303"	369921.292379227	686.293244828164
"3031"	164175.187557003	457.20273518636
"3032"	31260.1599064873	199.503563295707
"3033"	2628286.2412054	1829.32719249074
"3035"	251892.015464043	566.320470309754
"3046"	32149.6613084308	202.322070293224
"3047"	14310.2689871856	134.982963259375
"3048"	530456.761253586	821.826335182929
"3051"	112844.836735268	379.049480345939
"3054"	731207.417231193	964.88455217317
"3056"	21201.8954010882	164.301830933207
"3058"	43630.1695014012	235.693990489113
"306"	213421.976296236	521.284279386879
"307"	371121.240772961	687.405440510412
"308"	278238.614133414	595.20114783741
"31"	791210.744715661	1003.69358291828
"311"	140888.22240153	423.538022081927
"3125"	16779.3801803987	146.164873967137
"3130"	110140.587205618	374.480107763475
"315"	21919.2669951945	167.058305779419
"316"	1489.48330991007	43.5484678421701
"317"	444155.552531013	752.008253609083
"32260"	765.804402950762	31.2258298427634
"324"	1437488.98280711	1352.87391061811
"32426"	24770.0899156732	177.590140512588
"328"	3107.40622396154	62.9004967063377
"329"	14074.7628649156	133.867638592681
"331"	164903.498559651	458.215730231215
"332"	37091.9937349249	217.317724119261
"333"	359648.962252797	676.697333350165
"335"	40161426.0695629	7150.8821724823
"336"	19407713.1335371	4970.9825823971
"337"	41965.7209111604	231.154527075307
"339"	30249.5386611869	196.25215625164
"343"	81944.0696293428	323.008405321922
"345"	3986.4120054214	71.243648186414
"34553"	866466.79754044	1050.34270161149
"346"	35650.5408475744	213.053229025819
"3468"	576037.493153761	856.407447149707
"3473"	14426.9284939019	135.5320473818
"3482"	116854.603839024	385.725164582514
"3484"	49260.7891183819	250.441180140933
"3492"	309637.307337116	627.887302170486
"3493"	75043.7025927472	309.109381488868
"3501"	412722.894325628	724.910415205176
"352"	14980.8094023224	138.109228305632
"354"	1590035.10587189	1422.84769891695
"3558"	4413.51894034156	74.9631032327271
"3561"	24400.7073004951	176.261015129547
"3563"	686967.042740744	935.239864819334
"3568"	1101427.65103113	1184.22178706423
"3611"	327040078.297541	20405.8903359229
"3774"	2510299.72288345	1787.79553537672
"3781"	11355.3376780921	120.241693998247
"381"	177078.591714575	474.829933236111
"3830"	61703.4406723308	280.291385365715
"3840"	291365.466635659	609.079661531014
"3861"	298206837.744168	19485.6033605915
"3866"	53801.0182267859	261.728072535907
"3874"	340058.414112961	658.008981981666
"3882"	18905.7388500758	155.150038112636
"3883"	45129.1836685092	239.708700860778
"3889"	16072258.3806107	4523.69704372372
"3890"	15328.3266065057	139.701938390343
"3892"	80584.0222663837	320.316661794822
"3926"	18803.8738409726	154.731495722549
"3932"	158581.090490852	449.345875089756
"39364"	28704.6695577776	191.175104026434
"3938"	90698.8727343631	339.825530865903
"3940"	11403.9667926437	120.498885834021
"3945"	25479179.2191703	5695.70878374606
"3946"	9676.3741541004	110.997036999435
"3969"	2333086.94364162	1723.53664247379
"39749"	4866083.47780494	2489.11428261614
"3977"	39571.641048063	224.46420256348
"3988"	2370700.87262367	1737.37448460676
"4010"	1606164.76559061	1430.04632614131
"40111"	291365.466635659	609.079661531014
"4012"	12282.8120309933	125.055835523215
"4020"	67100075.9591188	9243.07687763568
"4021"	5496.50177459351	83.6562216282773
"4030"	103247065.884499	11465.5242863997
"4031"	4111428.59488341	2287.97584610513
"40317"	24670.9272974077	177.234308869208
"4042"	165034.39586232	458.397555679983
"40450"	40814.8292160987	227.962835939433
"40454"	22628041.5058246	5367.58020574676
"40486"	21854459.3980255	5275.03193681091
"40569"	5048.54820424425	80.1748789655804
"4059"	120394.517603703	391.524023250615
"4062"	92083.6078768693	342.409828963358
"40627"	29775.4465475061	194.708181662797
"40642"	4245.23161768505	73.5200433364714
"40791"	24219.1009510881	175.603864048769
"40793"	15290.9934449375	139.531707982023
"40795"	14430.6950254173	135.549738341224
"40797"	10641.0644346133	116.398556847688
"40799"	88608.5167804058	335.886688579857
"40803"	11839.2586845877	122.777083926791
"4081"	504179.187600707	801.212131264666
"4082"	3041.81017531791	62.2330539407521
"4084"	30527.5638428417	197.151975615598
"40844"	19445.4769823064	157.349134920119
"4085"	287698.986587342	605.235265581274
"40875"	63521.8943419985	284.39160999003
"40914"	70819.1072484754	300.282679939419
"4092"	26634.3934660211	184.152010608013
"40940"	186714.653210628	487.578178397356
"40955"	196514.668670684	500.210203086706
"4096"	6178.41434983208	88.6938637898101
"40963"	282507.720682868	599.749949284219
"4097"	52311370.6502398	8161.18286470679
"40990"	65933338.9138036	9162.36511068406
"40992"	118368.154855643	388.2151666274
"40997"	32101204308.0417	202169.53964092
"40999"	10739.8908227741	116.937819809052
"41018"	46002.7793390215	242.01768080487
"4102"	2777896217.18323	59472.0717218419
"41025"	14671.9318620766	136.678029852847
"41027"	155962.656089472	445.620714548871
"41098"	18467595.3150905	4849.08987866168
"41140"	25723.2236706599	180.974654566743
"41146"	19050.9122708379	155.744582141759
"41161"	37342.8636872219	218.051394767898
"41163"	40073.3311393759	225.882602021316
"41171"	42035.9398600644	231.347835369046
"41183"	382108.425826616	697.506672469125
"41191"	225807394.060482	16956.028532985
"41247"	1092863.78258999	1179.60899666051
"41264"	23875786.826469	5513.58285955033
"41269"	712783.382965733	952.651032656806
"41273"	64398.6067457826	286.347433609207
"4133"	26492.1547676877	183.659628322242
"41351"	43222.9102825368	234.591386479269
"4139"	3203334.46512191	2019.5574059695
"41397"	7530589.99681201	3096.48913757631
"41399"	2153.04230047755	52.3577940564305
"4142"	28064491.8320347	5977.69360233891
"41426"	36337.6293279956	215.096505369874
"41448"	82438.0880986515	323.980607073269
"41453"	1182314.32619837	1226.93494302782
"41467"	64024.7945567036	285.51514893809
"41485"	5909.21689875761	86.740121246834
"41489"	3046.49896291695	62.2809999324074
"41497"	523158.194664603	816.152989089195
"41502"	4397.54623745981	74.8273330363655
"41537"	11049159.299974	3750.76346319056
"4156"	41440.8133627213	229.704336788416
"41580"	47507.7432433314	245.944581925551
"41587"	608385.801111107	880.125479934562
"41602"	7265485.2822051	3041.49686388049
"41604"	137578.860000347	418.534162371513
"41606"	19022.0629196539	155.626613185997
"4161"	51193910.9114868	8073.54394439975
"41612"	23368.0206604834	172.490834501766
"41614"	16353.677498338	144.298818057285
"41619"	58908.5985810707	273.869964104041
"4162"	1900654.34673361	1555.63115009118
"41631"	959.545489200614	34.9532725481101
"41634"	22076.4525806395	167.656232908714
"4167"	194479.907968166	497.613815605559
"4168"	8220029.87519803	3235.13015132414
"41750"	192068.959536236	494.519761584583
"41762"	899976.92783532	1070.46074840192
"41764"	438173.997636458	746.927346711466
"41766"	161481.489637188	453.43645458742
"4184"	21334.1219800248	164.813372507122
"4186"	2269.33115557756	53.7531596037005
"41864"	2699.14923314538	58.6230632156175
"41909"	4968.72984398664	79.5385650138947
"41911"	513266.887474295	808.400703942918
"4192"	2843990.16269961	1902.91375001258
"4200"	323821.300044637	642.107533552117
"42001"	69866.8388149935	298.256973170599
"4201"	24903.6969777425	178.068446958363
"4207"	53736.2712857835	261.570536543542
"4211"	12363.6639078629	125.466751792281
"4213"	18471.2341846932	153.356792493894
"42161"	512653.644694993	807.917627718491
"4241"	1537412.20755737	1399.10472060551
"4251"	25308478.7893206	5676.59722119283
"42539"	240039841.290089	17482.2257805605
"42547"	7556.27471328283	98.0864301309516
"42559"	7435.74446848809	97.3009964071529
"4256"	2302572.32119452	1712.22841173644
"42563"	10591.3797518565	116.126497981172
"4257"	168082.545093242	462.611438674452
"4259"	29187.558187574	192.776433462905
"42652"	57784962.8534092	8577.53459894002
"42655"	2314.68528155927	54.2876490013862
"42663"	258633.645034317	573.848921282152
"42671"	20787.2020104431	162.687084994767
"42673"	6534.13145373246	91.2113729607774
"42675"	1094396.98639636	1180.43615698556
"42679"	65547.2681383217	288.889899171069
"42687"	10134.2347326423	113.592730477037
"42689"	897651.177570138	1069.07669353531
"42712"	431405.563937736	741.136035977404
"42714"	109042.526085631	372.608717383318
"42745"	36634.4138414024	215.973110365774
"4275"	407002.589187409	719.869287692571
"4285"	2427.73574345097	55.5975642697483
"4286"	928.962095321083	34.3917326595046
"4287"	3916613.42882415	2233.11152856719
"4301"	56057785.6732036	8448.3720034934
"4309"	2445.15373071592	55.7966524345702
"4311"	5348.21290794467	82.5200349494485
"4317"	1121110.66401552	1194.75622260311
"4320"	1729158.63558879	1483.79013137032
"4330"	35589.5031760523	212.870765539159
"4332"	217677.302284563	526.455458001886
"43513"	310983.326866741	629.250561795566
"43525"	8089.17711471614	101.486256147437
"43533"	6016.43188637946	87.5234768273284
"4355"	128752.578634446	404.886248968769
"4358"	3045491.85949743	1969.17258478813
"4362"	36700.1913035488	216.166914367171
"4369"	988048.471080956	1121.61597059573
"4373"	36935.1842808947	216.857873314564
"4378"	781324.930382824	997.403528493287
"4382"	440816.805671583	749.17647384638
"4396"	50914713.9194829	8051.49844259834
"4397"	42516.3021739448	232.665934815942
"4403"	217499.55852548	526.240476281596
"4413"	649990.862250739	909.721973755799
"4418"	20520.7888057019	161.641206988126
"4421"	5768467.5786933	2710.09981988026
"4423"	32589.5324606205	203.701451819304
"4431"	4153.4255900458	72.7207378081472
"4445"	19521.5247451495	157.656516766832
"4446"	19521.5247451495	157.656516766832
"4449"	387322.462385824	702.249439781784
"4468"	151589.490531884	439.328731033439
"44723"	218476.641542999	527.421178578824
"44896"	6171.53070741255	88.6444411580615
"4494"	85553.8749482062	330.046325217208
"44941"	57332.2397070454	270.180818681204
"4504"	4935365492.96986	79271.0698386906
"45117"	1860.92315183259	48.6764927519069
"45144"	1267549.06282264	1270.39111760032
"45164"	18692411984.2928	154272.220846409
"45168"	149554358.015429	13799.2218154766
"45170"	300263914.323999	19552.695199749
"45173"	45366298.311285	7600.142433414
"4518"	56242.2156051588	267.600099013452
"45219"	598293.200989499	872.794685390564
"45311"	689584.575328556	937.019930816694
"45314"	102049.456259537	360.462762609904
"45316"	642657544.869508	28605.191833831
"45322"	258712.933152851	573.936875644556
"45324"	22016.631532673	167.4289279344
"45329"	13082.9003488518	129.064581059203
"45331"	164556.415877213	457.733258606749
"45343"	31991.7993408299	201.824735917025
"45345"	49642.9843153915	251.410840555899
"45347"	85326.3052969926	329.607078367981
"45349"	268671.760471129	584.879055861514
"45351"	43155.8605881008	234.409360495368
"45383"	3260584.72863623	2037.52433493669
"45385"	39282.0566473994	223.641382400475
"45389"	27679.740540353	187.73103164897
"45391"	170993.033243618	466.599498285188
"45398"	174939.676871232	471.953508870995
"4548"	8328534.42329026	3256.41204048585
"45629"	234406.050827594	546.310400266088
"45636"	21244.6948906906	164.467582370084
"45642"	19955.7767493004	159.400389281569
"45648"	3723.14273200344	68.850944489383
"45655"	127331.657456287	402.645876136856
"45698"	63079.3683453127	283.399269995827
"45701"	17804.9142986918	150.565337895928
"45704"	28908.7993502576	191.853659135191
"45707"	51107.1263430336	255.091384169922
"45710"	65253.3460101393	288.241462261063
"45713"	4426.45400154347	75.0728731148366
"45716"	32700.7450981774	204.04872408644
"45719"	20260.9891589379	160.614733485475
"45722"	44073.5823750388	236.888640415791
"45725"	12010.0696163521	123.659595545844
"45731"	44907.3115960667	239.118725682152
"45816"	166422.416481299	460.321194161614
"46131"	5966.70117144003	87.1609997825579
"46290"	84469.7322408071	327.948476779793
"46292"	40038.4663004362	225.784318774049
"46445"	339556.682058458	657.523380022257
"46447"	34270.9046285715	208.890093127808
"46451"	200092.238406812	504.742855852491
"46455"	70531.9434160573	299.673254602988
"46459"	440391.821137951	748.815252148869
"46464"	184876.070102008	485.17164316261
"46469"	11693484.0166175	3858.57567836708
"46471"	35928.0930916791	213.880968978664
"46485"	528718.128688043	820.478414989689
"46488"	368116.686182554	684.617208317533
"46514"	8423930.00902463	3275.00852053417
"46516"	6753370.12131223	2932.34682442027
"46603"	2584703.75252669	1814.09675297167
"46611"	25887.6854717448	181.552264828317
"46630"	8055.44845197191	101.274456402522
"46645"	88566.5312716871	335.807102300019
"46648"	2851.68361514071	60.256753545727
"46650"	409008.771956137	721.641283878714
"46659"	44993.1166789537	239.347060555435
"46672"	66121.4626616033	290.152478908044
"46680"	125456.919832372	399.670753860281
"46687"	2277243503.47568	53846.7871057919
"46695"	15552.7229682644	140.720794168826
"46698"	2277243503.47568	53846.7871057919
"46728"	48419.3066561004	248.292923707474
"46730"	352843.195303707	670.264059420907
"46803"	635154.018807915	899.279274610339
"47005"	340158.138416595	658.105457579183
"47110"	872512.668320894	1054.00077447247
"47520"	40277.2903147176	226.456703993229
"47527"	838.875544077719	32.6816388180118
"47537"	215181.975637797	523.42927000339
"47555"	174.068860651908	14.887288433056
"47557"	174.068860651908	14.887288433056
"47561"	147143455.22916	13687.5441897637
"47564"	309064479.843653	19837.1650598049
"47571"	313905.570559725	632.200115271498
"47580"	1634.66437228369	45.6214787261579
"47584"	1393.38436718688	42.1202098441842
"47590"	5757.78165208075	85.6214651204928
"47604"	841.667247733617	32.735974452013
"47608"	27712033332.6336	187840.508687897
"47610"	17228.4603558922	148.107923555845
"47621"	1434.43432634025	42.7361499040561
"47663"	40493.2745114191	227.063071422359
"47666"	1245.04133637654	39.8150205865139
"47669"	96158.0923548461	349.903251960433
"47671"	10118.0431547665	113.501950027238
"47673"	16660.0985179726	145.644417168206
"47681"	20912.4817817147	163.176587729468
"47685"	10224.9149814347	114.099807606839
"47687"	164758.51833058	458.014258370269
"47767"	10382.8521919836	114.977641295922
"47771"	10382.8521919836	114.977641295922
"47973"	1437968.70449596	1353.09963367663
"48361"	446464.629073018	753.960490384797
"48363"	70463.0385306664	299.526838696371
"48616"	37648.6752551154	218.942417410846
"48640"	21108.6228574298	163.940029757775
"48647"	138459.348331309	419.87131080092
"48656"	114984.648572491	382.626451777671
"48664"	266340.568706414	582.336109514307
"48685"	264002.871237043	579.774866290898
"48697"	27289.5121671755	186.403020489957
"48700"	11306.5015694404	119.982852569947
"48705"	120077.796985416	391.008695001163
"48712"	682.017745307087	29.4681516817071
"48717"	1012999.06356517	1135.68942343885
"48721"	14098.7150130471	133.981496799233
"48723"	96895.6771304026	351.242662323812
"48733"	2056.18608861298	51.1665656396476
"48735"	198131.849986182	502.264179963036
"48740"	4293.8662855051	73.9399780532168
"48752"	29023.7316817812	192.234655858476
"48756"	42326.0896971253	232.144892634724
"48765"	173805.867265671	470.42162291889
"48767"	1665987.211497	1456.43427544845
"48796"	1445.88306706993	42.9063573151625
"48812"	86069.4892137797	331.039389290974
"48814"	51593.8509203139	256.30320180777
"48816"	62753.7719432513	282.666913556291
"48818"	327281.218018942	645.528767004854
"48837"	31459.6306919842	200.139066300906
"48873"	20331.0868377114	160.89233589335
"48875"	213610.483639315	521.514443653845
"48877"	1437968.70449596	1353.09963367663
"48879"	157940.615211905	448.437550844705
"48881"	55153.1439257738	264.996535567477
"48882"	152261.577587476	440.301557717135
"48887"	24672.0192245234	177.238230991875
"48893"	30134.9163350499	195.879981506715
"489"	14698790.2572787	4326.09304284306
"48906"	251150.39897353	565.486179892233
"48911"	27215.4764719379	186.149995629548
"48917"	928261.766072248	1087.15205395974
"48925"	1683913.17128871	1464.24889946524
"48928"	823931.539544671	1024.2373837655
"48931"	8642.08437104545	104.897300108977
"48942"	1277.58088668294	40.3319539140188
"48945"	33579.1264729558	206.771061086968
"48948"	18978.7376239207	155.449281927994
"48950"	63882.5968046918	285.197911058454
"48952"	38961.5419054967	222.727133232425
"48954"	10345324.9831894	3629.33559646023
"48960"	64743.1118198358	287.112330313808
"48964"	248710.984173522	562.73320522227
"48966"	53718.3277001024	261.52686115352
"48973"	161340.502901575	453.238467544121
"48976"	5251.86824144069	81.7733839873403
"48978"	73508.7336181928	305.931735075141
"48985"	1245.95996260163	39.8297061945119
"48992"	498604.137264377	796.770045077979
"48996"	32850685475.2439	204515.994041389
"490"	227763.798207375	538.514507452408
"49063"	23437376.8202647	5462.72779776004
"49076"	578394.126785407	858.157488265262
"49082"	16684.4588105999	145.750858454284
"49084"	6409.72773696328	90.3389109170986
"49086"	1297208.02808175	1285.16791085897
"49102"	31821.4150509664	201.286571862907
"49106"	1222204.55775466	1247.46109145287
"49108"	175187.392607495	472.287535307579
"49110"	5815.63146402679	86.0505197985751
"49112"	10147.0732933922	113.6646602092
"49118"	3654411.46557716	2157.06772974481
"49120"	180672.317251816	479.623955786144
"49126"	104290.281130146	364.398833788543
"49137"	50029.1765865032	252.386857860061
"49141"	25302.6363924378	179.489044904994
"49143"	42663.9027881726	233.069449226273
"49147"	187757.652006314	488.93810176858
"49149"	19952.8700582381	159.388779997561
"49154"	52239.5393421848	257.902011022051
"49177"	251192.206872026	565.53324492797
"49179"	404563.942618101	717.709418995831
"49196"	268997.741709215	585.233767129535
"492"	8303.17236097385	102.819878412416
"49204"	3201.74172152106	63.84813366003
"49216"	31771045.0285164	6360.20053990977
"49238"	418662.305149626	730.107802181626
"49240"	11112248.2717179	3761.45635764476
"49242"	2682176.46484157	1847.98623939526
"49255"	241055.054957665	554.004357772036
"49257"	11321.9650375991	120.064872506409
"49261"	608326.834855968	880.082826932895
"49263"	817504.193340355	1020.23461367852
"49265"	4732.76495495249	77.6269508391399
"49269"	58034.8038531819	271.831210932115
"49276"	125445.980416225	399.653328516115
"493"	560508.988934314	844.785304021497
"49347"	119063.150614589	389.353196575106
"49353"	8483.71790811504	103.93173301254
"49376"	379390.844633487	695.0218890782
"49378"	32850685475.2439	204515.994041389
"49388"	9579.81861334024	110.44185750835
"49404"	197577.447453584	501.560982579124
"49408"	32850685475.2439	204515.994041389
"49410"	32850685475.2439	204515.994041389
"49412"	175769.41985719	473.071428134624
"49414"	18935.2244405817	155.270977797476
"49417"	10393.2447393047	115.03516940568
"49419"	242125.268291014	555.232803756883
"49421"	342706825.812307	20888.9416408514
"49428"	12679226.7925306	4017.9214712231
"49430"	1588134.73221234	1421.99716716319
"49432"	3637640.7644042	2152.11246703793
"49434"	2157986.11220944	1657.59864112346
"49444"	35172.3262107041	211.61946179828
"49447"	40867.1131362581	228.108799751894
"49451"	8944576.64775143	3374.69831226908
"49457"	29176137.1549927	6094.93327185405
"49466"	405224.518219276	718.295121167502
"49468"	144905.394456171	429.533791996677
"49472"	20057.0469901474	159.804334667327
"49474"	512259.400761376	807.606913177272
"49477"	13881.2974278128	132.944412508844
"49491"	2117959.28113509	1642.15392423489
"49507"	2512.32170188329	56.5578229773225
"49509"	7267.14637214512	96.1915699965119
"49515"	15043.4516540167	138.397678937205
"49517"	813892.410829263	1017.97839005927
"49519"	1842248.56073672	1531.54292096612
"49521"	12152.8162281001	124.392307646077
"49523"	445813.436211137	753.410443621726
"49526"	35051791.5269375	6680.51847433339
"49528"	3454492.81513581	2097.23552784002
"49530"	12887.9946337044	128.099587899287
"496"	5339743.08637008	2607.44550399286
"49614"	18677.9545943018	154.212549438211
"49642"	64307.6717674657	286.145191684547
"49658"	161332.682818757	453.22748330508
"49906"	2522920.77975803	1792.28415855913
"49925"	8365.40171448947	103.20445857851
"50128"	25532.2780868176	180.301708608962
"50422"	32850685475.2439	204515.994041389
"50424"	32850685475.2439	204515.994041389
"50426"	32850685475.2439	204515.994041389
"506"	38977.6619042307	222.773204173626
"507"	110472.137371432	375.043322687823
"513"	1917456.29640274	1562.49197818145
"514"	1465.63350311757	43.1984089320198
"517"	6658.71075919627	92.0767823914486
"51727"	35986.6233083421	214.055114112392
"51729"	22507.5229293266	169.285168421962
"51739"	41189.4612069273	229.0066611149
"51741"	41569.5985963882	230.060984940274
"51743"	16557.9657945956	145.19730310874
"51745"	49993.9611005581	252.298014798337
"51747"	27557.2392666402	187.315153626221
"51749"	17358.2883826011	148.66492255285
"519"	32174.6645147658	202.400729244702
"52024"	134676.963114848	414.096649591207
"52055"	479291.047061514	781.186478733626
"52057"	1926251.12747437	1566.07123356221
"52064"	65694.8116858748	289.214854601878
"52082"	203204.591411389	508.653242844997
"52084"	80638.565610982	320.425046721731
"52086"	1114838.2726439	1191.40932290899
"52088"	989836.717846282	1122.63050555058
"52092"	86512.8052804147	331.890832667907
"52093"	169577.121985145	464.663639199222
"52103"	53137.1185773526	260.108209532046
"52107"	48571.1895443837	248.682044512137
"52127"	9780.67498835046	111.593647531434
"52140"	53283.325402844	260.465807694393
"52142"	50700.8200595232	254.075360966558
"52144"	25822.3998201331	181.323193747947
"52150"	5732394.80912332	2701.61280664169
"52153"	543447.906602575	831.828927839096
"52155"	167242976.273045	14592.4765194276
"52156"	1686605.71034099	1465.41908230454
"52158"	3729.57422113883	68.9103866146375
"52209"	2232.01423329302	53.3093686535529
"52214"	2526.36466153206	56.7156714805007
"52216"	4844.25406595408	78.5359525409658
"52218"	46071.2274123399	242.197664348519
"52240"	7415639.14055207	3072.76504198365
"52242"	14696.568683574	136.792735259746
"52246"	769463.580271616	989.8037475355
"52248"	2374454.81721047	1738.74948467549
"52250"	492329.513353819	791.740743831149
"52253"	28883.3341673799	191.769140493742
"52255"	20597.285382737	161.942206553746
"52257"	377116.104598554	692.935160986481
"52260"	39800.2829071603	225.111736897576
"52266"	1158.53127405955	38.4068721968482
"52287"	235744534.109498	17325.1050006452
"52307"	177530.81916703	475.435862522686
"524"	1631370.37830628	1441.22353497614
"52411"	21510.4982746614	165.493253730345
"52429"	1093294.08458083	1179.84120224433
"52439"	3135127057.33707	63180.4380102793
"52443"	158014.919319114	448.543023505251
"52454"	11965268.8110506	3903.15941432269
"52462"	70127.0953576177	298.811965902861
"52469"	97266.5804502786	351.914274519319
"52497"	74803.357530897	308.613986862716
"525"	229637.629761184	540.725171571651
"52516"	12688374.9956088	4019.37069736519
"52526"	32850685475.2439	204515.994041389
"52570"	154361386.320335	14019.2375414354
"52580"	67716.6500911026	293.631600365127
"52592"	11988.7873662779	123.549982469308
"52605"	21827.4667736397	166.708109753518
"52607"	122396.682525246	394.766128657891
"52625"	3997.27313168841	71.3406351413628
"52627"	3738.24652075688	68.9904580228041
"52629"	80835.2639975356	320.81560861462
"52645"	41393.3903117465	229.572867376729
"52657"	131693.103409508	409.483659051106
"52659"	131693.103409508	409.483659051106
"52671"	14877.5263794647	137.632317840597
"52679"	34489.7878208084	209.556106432092
"526829"	183040551.162344	15266.1215778604
"52694"	241952.665771878	555.034865584898
"527"	512423.197946692	807.736020779922
"52710"	11024.6181221079	118.477760607937
"52739"	41192361.5359436	7242.08144448756
"52744"	5536038321.91641	83956.5537205599
"52748"	8092123415.90377	101504.736510205
"52757"	22134150.1691544	5308.67924106118
"52767"	178926.920055324	477.301613481565
"52786"	531014.927170764	822.258599297374
"52790"	99775.9142458617	356.424802209296
"52794"	89663.1106368428	337.87959122562
"52796"	2437185.41824303	1761.5677257372
"52821"	3508418.74387039	2113.54145551627
"52826"	2077222.93982488	1626.28484289071
"52837"	504005.17478514	801.073853828471
"52849"	249538397.575429	17824.7624310362
"52873"	3758813.0113518	2187.66299217182
"52892"	51515.5132234682	256.108548477881
"52894"	14324870.5761393	4270.71325316436
"52897"	7095372.0604719	3005.67933951741
"52901"	488612.145707068	788.74603387411
"52912"	8892.51707159064	106.40631742421
"52915"	4580.09366487019	76.3646277585619
"52917"	763543.050916015	985.988441379514
"52919"	3012.57483173965	61.9332657563349
"52921"	2020.8201792112	50.7246307524313
"52933"	74371940.9565153	9731.04805478546
"52942"	869388.443359695	1052.11204052673
"52952"	4091750.52313899	2282.49393717735
"52963"	1417.07206627077	42.4767253035767
"52969"	1430.27053658712	42.6740788635478
"52987"	178414.983451577	476.618308821449
"52991"	3670849.17706778	2161.91358176067
"52993"	925759.664310626	1085.68587239636
"52995"	2068.97073594518	51.3253870701937
"53002"	4374.70687237962	74.6327661723617
"53063"	29949693.9783643	6175.20321333396
"53081"	447710.444367983	755.011683591895
"53098"	234118.608272227	545.975338463707
"53188"	307004.040397355	625.211711844383
"532"	236265.039336611	548.472416008118
"53257"	2138142538.84103	52176.3129469
"53270"	63582310512.2233	284526.821389114
"53302"	80040.4046951136	319.234409853362
"53355"	8285476.66632257	3247.9834572458
"534"	19098.9976573568	155.941011546517
"53745"	7592148.18335898	3109.11937637362
"53756"	92775.1891668384	343.693234756671
"538"	11271.5631233547	119.79732843279
"539"	335.701564317531	20.674344171425
"53964"	11168.0414672105	119.245930887786
"53966"	78231.0537119676	315.605562708229
"53969"	75729.7805327642	310.519164124262
"53972"	34078.2696493428	208.302185619094
"53978"	139372.489909635	421.253564496669
"53980"	3398.52816175158	65.7810037126085
"53989"	45793.3394854467	241.466127476201
"53991"	68749.0287005268	295.861423649051
"53995"	2046.0635316869	51.0404643355078
"53999"	19718.4654839718	158.449771270546
"540"	312071.562502174	630.350580363863
"54001"	14011.1109038446	133.564592869686
"54020"	25957.8321460935	181.798070352806
"54024"	21270.9635536592	164.569231483711
"54266"	11377.1147624691	120.356937567246
"54269"	1587.34332064928	44.9562930736276
"54284"	19665910620.1543	158238.475361739
"54467"	4097197.67993525	2284.01272078128
"54473"	121052.107357688	392.591810996274
"671"	160624.481989017	452.231624636112
"672"	4271.76358113634	73.7494292673664
"675"	108438.979868605	371.576099015327
"678"	129019.578945536	405.305847427022
"681"	199804.376099224	504.379651513292
"684"	1420290.55187961	1344.75651910182
"688"	23589.5442382098	173.306493145433
"691"	163056.176049507	455.641933276043
"701"	21019.2060714329	163.592433715884
"715"	64587.4378283465	286.766943590391
"720"	107546.000770807	370.042998933245
"772"	49076.3667037965	249.971940023671
"774"	321607.489751548	639.908879321642
"778"	462773.652899997	767.607787306656
"785"	245442.612738223	559.023470438786
"788"	3052590.97763298	1971.46634427882
"796"	48746.1693607671	249.129585726959
"802"	645394269.292275	28666.034005568
"803"	714004365.351059	30151.2618820258
"805"	25808042342.9704	181272.778108765
"811"	3419327.45842258	2086.53371323408
"813"	236411.340255708	548.642203295925
"823"	2774143.81249541	1879.40139535213
"829"	15894.3350576167	142.257850161698
"834"	67040.3946005505	292.161738597084
"835"	14714.6074208228	136.876660002519
"841"	202.606090637898	16.0613226916206
"843"	7876.41161549078	100.14269189239
"847"	73362.7250769295	305.627751811711
"849"	55634.7871138526	266.151105607847
"850"	174696.527317595	471.625409523987
"852"	106488.726509655	368.219578051711
"853"	15317.1244139388	139.65088082592
"856"	628272.240318027	894.394242620258
"857"	24460.1511954826	176.475584068419
"860"	19737.3495912181	158.525625713325
"866"	23951173.4544213	5522.28043338803
"871"	39661.9577979182	224.720210684145
"873"	472585.388334795	775.702523324428
"878"	784099.275798414	999.172760309619
"968"	156356.885862525	446.183561073028
"971"	39460.8984213368	224.14989703505
"973"	26969.1533000491	185.305673063852
"974"	24018226127.8354	174874.112722127
"977"	16267.232762838	143.916934504098
"978"	8467942.8854685	3283.55291480696
"982"	174072.878610008	470.782829670057
"986"	179477.937784145	478.035990061722
"987"	163508.889626152	456.274023134951
"999"	27411.9389481696	186.820675158494
